seed,model,score
10,gbt,0.7254594603058239
11,gbt,0.7249851625558722
12,gbt,0.724944395188325
13,gbt,0.7250910170922437
14,gbt,0.7251191789984069
10,mlp,0.7198481559753418
11,mlp,0.7196513414382935
12,mlp,0.7197149395942688
13,mlp,0.7199613451957703
14,mlp,0.7201328873634338
10,neumiss,0.702777087688446
11,neumiss,0.7082423567771912
12,neumiss,0.7003749012947083
13,neumiss,0.7027818560600281
14,neumiss,0.702231228351593
